{
  "0": 0.5779516100883484,
  "1": 0.636987030506134,
  "2": 0.4282841682434082,
  "3": 0.3966084122657776,
  "4": 0.3332543671131134,
  "5": 0.4283401370048523,
  "6": 0.7520443201065063,
  "7": 0.36414048075675964,
  "8": 0.7285920977592468,
  "9": 0.5735908150672913
}